27.2022.UBTVQH.doc,https://vbpl.vn/TW/Lists/vbpq/Attachments/156535/27.2022.UBTVQH.doc
60.2022.QH15 (word).doc,https://vbpl.vn/TW/Lists/vbpq/Attachments/159104/60.2022.QH15 (word).doc
59.2022.QH15 (word).doc,https://vbpl.vn/TW/Lists/vbpq/Attachments/159098/59.2022.QH15 (word).doc
58.2022.QH15 (word).doc,https://vbpl.vn/TW/Lists/vbpq/Attachments/159096/58.2022.QH15 (word).doc
NQ 01.2022 (phát hành).doc,https://vbpl.vn/TW/Lists/vbpq/Attachments/153901/NQ 01.2022 (phát hành).doc
43.2022.NQ.QH15 (word).doc,https://vbpl.vn/TW/Lists/vbpq/Attachments/159097/43.2022.NQ.QH15 (word).doc
NQ 01.2021.HĐTP.doc,https://vbpl.vn/TW/Lists/vbpq/Attachments/151626/NQ 01.2021.HĐTP.doc
08.2021.NQ.UBTVQH15.doc,https://vbpl.vn/TW/Lists/vbpq/Attachments/150939/08.2021.NQ.UBTVQH15.doc
05.2021.UBTVQH15.doc,https://vbpl.vn/TW/Lists/vbpq/Attachments/150074/05.2021.UBTVQH15.doc
283.2021.UBTVQH15.docx,https://vbpl.vn/TW/Lists/vbpq/Attachments/150604/283.2021.UBTVQH15.docx
NQ. 29.2021.QH15 (word).doc,https://vbpl.vn/TW/Lists/vbpq/Attachments/156732/NQ. 29.2021.QH15 (word).doc
25_2021_QH15.doc,https://vbpl.vn/TW/Lists/vbpq/Attachments/154572/25_2021_QH15.doc
nghi-quyet-24-2021-qh15.doc,https://vbpl.vn/TW/Lists/vbpq/Attachments/154573/nghi-quyet-24-2021-qh15.doc
Nghi quyet 03 ve toi tham nhung.doc,https://vbpl.vn/TW/Lists/vbpq/Attachments/147540/Nghi quyet 03 ve toi tham nhung.doc
132.2020.QH14.doc,https://vbpl.vn/TW/Lists/vbpq/Attachments/147167/132.2020.QH14.doc
130.2020.QH14.doc,https://vbpl.vn/TW/Lists/vbpq/Attachments/150240/130.2020.QH14.doc
TT 02.2020.CA.doc,https://vbpl.vn/TW/Lists/vbpq/Attachments/147587/TT 02.2020.CA.doc
Mẫu kèm theo.doc,https://vbpl.vn/TW/Lists/vbpq/Attachments/147587/Mẫu kèm theo.doc
1004.2020.UBTVQH14..doc,https://vbpl.vn/TW/Lists/vbpq/Attachments/149168/1004.2020.UBTVQH14..doc
NQ979 sua doi Nghi quyet so 597 cua UBTVQH  trinh ky.doc,https://vbpl.vn/TW/Lists/vbpq/Attachments/143613/NQ979 sua doi Nghi quyet so 597 cua UBTVQH  trinh ky.doc
NQ974 (sao y).doc,https://vbpl.vn/TW/Lists/vbpq/Attachments/143381/NQ974 (sao y).doc
nghi quyet 120.doc,https://vbpl.vn/TW/Lists/vbpq/Attachments/147304/nghi quyet 120.doc
NQ 01.2020-HĐTP.doc,https://vbpl.vn/TW/Lists/vbpq/Attachments/141135/NQ 01.2020-HĐTP.doc
nghi quyet so 88 nam 2019.doc,https://vbpl.vn/TW/Lists/vbpq/Attachments/147303/nghi quyet so 88 nam 2019.doc
NQ 07.2019.NQ-HĐTP.doc,https://vbpl.vn/TW/Lists/vbpq/Attachments/139102/NQ 07.2019.NQ-HĐTP.doc
NQ 06.2019.NQ-HĐTP.doc,https://vbpl.vn/TW/Lists/vbpq/Attachments/139108/NQ 06.2019.NQ-HĐTP.doc
NQ 05.2019.HĐTP.doc,https://vbpl.vn/TW/Lists/vbpq/Attachments/137746/NQ 05.2019.HĐTP.doc
NQ 04.2019 về án lệ.doc,https://vbpl.vn/TW/Lists/vbpq/Attachments/135734/NQ 04.2019 về án lệ.doc
nghi-quyet-75-2019-qh14-bo-sung-nghi-quyet-81-thi-hanh-luat-to-chuc-toa-an.doc,https://vbpl.vn/TW/Lists/vbpq/Attachments/149166/nghi-quyet-75-2019-qh14-bo-sung-nghi-quyet-81-thi-hanh-luat-to-chuc-toa-an.doc
Nghi quyet 03.2019 về tội rửa tiền.doc,https://vbpl.vn/TW/Lists/vbpq/Attachments/135454/Nghi quyet 03.2019 về tội rửa tiền.doc
629.2019 NQ.UBTVQH14.doc,https://vbpl.vn/TW/Lists/vbpq/Attachments/138676/629.2019 NQ.UBTVQH14.doc
NQ 01.2019.NQ-HĐTP về lãi suất.doc,https://vbpl.vn/TW/Lists/vbpq/Attachments/134278/NQ 01.2019.NQ-HĐTP về lãi suất.doc
NQ 02.2018.HĐTP.doc,https://vbpl.vn/TW/Lists/vbpq/Attachments/134285/NQ 02.2018.HĐTP.doc
72.2018.QH14.doc,https://vbpl.vn/TW/Lists/vbpq/Attachments/145200/72.2018.QH14.doc
NQ DVHD ngay 05.11.18 (phát hành).doc,https://vbpl.vn/TW/Lists/vbpq/Attachments/131940/NQ DVHD ngay 05.11.18 (phát hành).doc
579_2018_UBTVQH14_374960.doc,https://vbpl.vn/TW/Lists/vbpq/Attachments/136577/579_2018_UBTVQH14_374960.doc
04_2018_NQ-HDTP.doc,https://vbpl.vn/TW/Lists/vbpq/Attachments/153951/04_2018_NQ-HDTP.doc
102_NQ-CP_389510.doc,https://vbpl.vn/TW/Lists/vbpq/Attachments/130179/102_NQ-CP_389510.doc
528_2018_UBTVQH14_383146.doc,https://vbpl.vn/TW/Lists/vbpq/Attachments/129213/528_2018_UBTVQH14_383146.doc
03_2018_NQ-HDTP_382668.doc,https://vbpl.vn/TW/Lists/vbpq/Attachments/153921/03_2018_NQ-HDTP_382668.doc
NQ 02.2018.HĐTP.docx,https://vbpl.vn/TW/Lists/vbpq/Attachments/133048/NQ 02.2018.HĐTP.docx
NQ 01.2018. HĐTP về tha tù.doc,https://vbpl.vn/TW/Lists/vbpq/Attachments/128777/NQ 01.2018. HĐTP về tha tù.doc
NQ51.2017-QH14 ve lui thgian ap dung ctrinh SGK moi.doc,https://vbpl.vn/TW/Lists/vbpq/Attachments/144399/NQ51.2017-QH14 ve lui thgian ap dung ctrinh SGK moi.doc
93_NQ-CP_362424.doc,https://vbpl.vn/TW/Lists/vbpq/Attachments/125180/93_NQ-CP_362424.doc
60 Biểu mẫu.DOC,https://vbpl.vn/TW/Lists/vbpq/Attachments/155457/60 Biểu mẫu.DOC
05_2017_NQ-HDTP.doc,https://vbpl.vn/TW/Lists/vbpq/Attachments/155457/05_2017_NQ-HDTP.doc
43_2017_QH14_353655.doc,https://vbpl.vn/TW/Lists/vbpq/Attachments/134372/43_2017_QH14_353655.doc
45.2017.QH14.doc,https://vbpl.vn/TW/Lists/vbpq/Attachments/122864/45.2017.QH14.doc
42.2017.QH14.docx,https://vbpl.vn/TW/Lists/vbpq/Attachments/123002/42.2017.QH14.docx
41.2017.NQ.QH14.doc,https://vbpl.vn/TW/Lists/vbpq/Attachments/122854/41.2017.NQ.QH14.doc
35_2017_NQ.QH14.doc,https://vbpl.vn/TW/Lists/vbpq/Attachments/122859/35_2017_NQ.QH14.doc
04_2017_NQ-HDTP.doc,https://vbpl.vn/TW/Lists/vbpq/Attachments/121554/04_2017_NQ-HDTP.doc
NQ 379.2017.UBTVQH14.doc,https://vbpl.vn/TW/Lists/vbpq/Attachments/125278/NQ 379.2017.UBTVQH14.doc
353.2017.UBTVQH14.doc,https://vbpl.vn/TW/Lists/vbpq/Attachments/149175/353.2017.UBTVQH14.doc
NQ 351.2017.UBTVQH14.doc,https://vbpl.vn/TW/Lists/vbpq/Attachments/125276/NQ 351.2017.UBTVQH14.doc
Phu luc 351.2017.UBTVQH14 Chu viet Hoa.doc,https://vbpl.vn/TW/Lists/vbpq/Attachments/125276/Phu luc 351.2017.UBTVQH14 Chu viet Hoa.doc
Phu luc Mau van ban 351.2017.UBTVQH14.doc,https://vbpl.vn/TW/Lists/vbpq/Attachments/125276/Phu luc Mau van ban 351.2017.UBTVQH14.doc
01. Nghi quyet 343 TVQH sua 387 (ban cuoi phat hanh).doc,https://vbpl.vn/TW/Lists/vbpq/Attachments/119751/01. Nghi quyet 343 TVQH sua 387 (ban cuoi phat hanh).doc
02_2017_NQ-HDTP.doc,https://vbpl.vn/TW/Lists/vbpq/Attachments/153953/02_2017_NQ-HDTP.doc
Mau kem NQ 02.2017.doc,https://vbpl.vn/TW/Lists/vbpq/Attachments/153953/Mau kem NQ 02.2017.doc
01_2017_NQ-HDTP_320325.doc,https://vbpl.vn/TW/Lists/vbpq/Attachments/153920/01_2017_NQ-HDTP_320325.doc
Mẫu đính kèm NQ 01.2017 NQ-HĐTP.doc,https://vbpl.vn/TW/Lists/vbpq/Attachments/153920/Mẫu đính kèm NQ 01.2017 NQ-HĐTP.doc
334.2017.UBTVQH14.doc,https://vbpl.vn/TW/Lists/vbpq/Attachments/137844/334.2017.UBTVQH14.doc
17235124.doc,https://vbpl.vn/TW/Lists/vbpq/Attachments/149022/17235124.doc
NQ 326_UBTVQH14.docx,https://vbpl.vn/TW/Lists/vbpq/Attachments/119086/NQ 326_UBTVQH14.docx
Nghi quyet 326.doc,https://vbpl.vn/TW/Lists/vbpq/Attachments/126526/Nghi quyet 326.doc
Nghị quyết số 04_2016_NQ-HDTP.doc,https://vbpl.vn/TW/Lists/vbpq/Attachments/153919/Nghị quyết số 04_2016_NQ-HDTP.doc
325_2016_UBTVQH14_336289 (3).doc,https://vbpl.vn/TW/Lists/vbpq/Attachments/130599/325_2016_UBTVQH14_336289 (3).doc
31 2016 QH14.doc,https://vbpl.vn/TW/Lists/vbpq/Attachments/143536/31 2016 QH14.doc
1. NQ 266-NQ-UBTVQH14.doc,https://vbpl.vn/TW/Lists/vbpq/Attachments/119733/1. NQ 266-NQ-UBTVQH14.doc
16233606.doc,https://vbpl.vn/TW/Lists/vbpq/Attachments/149020/16233606.doc
Nghị quyết 02_2016_NQ-HDTP.doc,https://vbpl.vn/TW/Lists/vbpq/Attachments/121224/Nghị quyết 02_2016_NQ-HDTP.doc
Nghị Quyết 01_2016_NQ-HDTP.doc,https://vbpl.vn/TW/Lists/vbpq/Attachments/121223/Nghị Quyết 01_2016_NQ-HDTP.doc
NQ 144-2016-QH13.docx,https://vbpl.vn/TW/Lists/vbpq/Attachments/112004/NQ 144-2016-QH13.docx
16233780.doc,https://vbpl.vn/TW/Lists/vbpq/Attachments/149095/16233780.doc
1211.2016.NQ-UBTVQH13.doc,https://vbpl.vn/TW/Lists/vbpq/Attachments/112351/1211.2016.NQ-UBTVQH13.doc
1206.2016.NQ-UBTVQH13.doc,https://vbpl.vn/TW/Lists/vbpq/Attachments/106911/1206.2016.NQ-UBTVQH13.doc
134_2016_QH13.doc,https://vbpl.vn/TW/Lists/vbpq/Attachments/112765/134_2016_QH13.doc
128.2015.QH13.doc,https://vbpl.vn/TW/Lists/vbpq/Attachments/101690/128.2015.QH13.doc
127.2015.QH13.doc,https://vbpl.vn/TW/Lists/vbpq/Attachments/101687/127.2015.QH13.doc
126.2015.QH13.doc,https://vbpl.vn/TW/Lists/vbpq/Attachments/101684/126.2015.QH13.doc
1156.2016.UBTVQH13.doc,https://vbpl.vn/TW/Lists/vbpq/Attachments/149171/1156.2016.UBTVQH13.doc
1134_2016_UBTVQH13.doc,https://vbpl.vn/TW/Lists/vbpq/Attachments/137807/1134_2016_UBTVQH13.doc
1130.2016.UBTVQH13.doc,https://vbpl.vn/TW/Lists/vbpq/Attachments/104491/1130.2016.UBTVQH13.doc
04_2015_NQ-HDTP.doc,https://vbpl.vn/TW/Lists/vbpq/Attachments/118076/04_2015_NQ-HDTP.doc
1093.2015.UBTVQH13.doc,https://vbpl.vn/TW/Lists/vbpq/Attachments/149170/1093.2015.UBTVQH13.doc
1075.2015.UBTVQH13.Quyche.doc,https://vbpl.vn/TW/Lists/vbpq/Attachments/138711/1075.2015.UBTVQH13.Quyche.doc
NQ1075.2015.UBTVQH13.doc,https://vbpl.vn/TW/Lists/vbpq/Attachments/138711/NQ1075.2015.UBTVQH13.doc
109.2015.QH13.doc,https://vbpl.vn/TW/Lists/vbpq/Attachments/113232/109.2015.QH13.doc
112_2015_QH13.doc,https://vbpl.vn/TW/Lists/vbpq/Attachments/112849/112_2015_QH13.doc
110nam2015.doc,https://vbpl.vn/TW/Lists/vbpq/Attachments/138084/110nam2015.doc
107.2015.QH13.docx,https://vbpl.vn/TW/Lists/vbpq/Attachments/144106/107.2015.QH13.docx
106.2015.QH13.doc,https://vbpl.vn/TW/Lists/vbpq/Attachments/97687/106.2015.QH13.doc
105.2015.QH13.doc,https://vbpl.vn/TW/Lists/vbpq/Attachments/97216/105.2015.QH13.doc
NQ103. 2015. QH13.doc,https://vbpl.vn/TW/Lists/vbpq/Attachments/153918/NQ103. 2015. QH13.doc
104.2015.QH13.doc,https://vbpl.vn/TW/Lists/vbpq/Attachments/153610/104.2015.QH13.doc
102.2015.QH13.doc,https://vbpl.vn/TW/Lists/vbpq/Attachments/97603/102.2015.QH13.doc
100.2015.QH13.doc,https://vbpl.vn/TW/Lists/vbpq/Attachments/117869/100.2015.QH13.doc
98.2015.QH13.doc,https://vbpl.vn/TW/Lists/vbpq/Attachments/94458/98.2015.QH13.doc
03.2015.NQ.HĐTP.doc,https://vbpl.vn/TW/Lists/vbpq/Attachments/92535/03.2015.NQ.HĐTP.doc
1050.2015.NQ.UBTVQH13.doc,https://vbpl.vn/TW/Lists/vbpq/Attachments/91880/1050.2015.NQ.UBTVQH13.doc
1033.2015.NQ.UBTVQH13.doc,https://vbpl.vn/TW/Lists/vbpq/Attachments/91878/1033.2015.NQ.UBTVQH13.doc
NQ 973_2015_UBTVQH13.doc,https://vbpl.vn/TW/Lists/vbpq/Attachments/130536/NQ 973_2015_UBTVQH13.doc
96.2015.QH13.doc,https://vbpl.vn/TW/Lists/vbpq/Attachments/74646/96.2015.QH13.doc
95.2015.QH13.doc,https://vbpl.vn/TW/Lists/vbpq/Attachments/74626/95.2015.QH13.doc
97.2015.QH13.doc,https://vbpl.vn/TW/Lists/vbpq/Attachments/70836/97.2015.QH13.doc
94.2015.QH13.doc,https://vbpl.vn/TW/Lists/vbpq/Attachments/70829/94.2015.QH13.doc
93.2015.QH13.doc,https://vbpl.vn/TW/Lists/vbpq/Attachments/70824/93.2015.QH13.doc
91.2015.QH13.doc,https://vbpl.vn/TW/Lists/vbpq/Attachments/70827/91.2015.QH13.doc
90.2015.QH13.doc,https://vbpl.vn/TW/Lists/vbpq/Attachments/68925/90.2015.QH13.doc
89.2015.QH13.doc,https://vbpl.vn/TW/Lists/vbpq/Attachments/74537/89.2015.QH13.doc
929.2015.NQ.UBTVQH13.doc,https://vbpl.vn/TW/Lists/vbpq/Attachments/77776/929.2015.NQ.UBTVQH13.doc
924.2015.NQ.UBTVQH13.doc,https://vbpl.vn/TW/Lists/vbpq/Attachments/77785/924.2015.NQ.UBTVQH13.doc
25.NQ.CP.doc,https://vbpl.vn/TW/Lists/vbpq/Attachments/87501/25.NQ.CP.doc
19.NQ.CP.doc,https://vbpl.vn/TW/Lists/vbpq/Attachments/76701/19.NQ.CP.doc
05.NQ.CP.doc,https://vbpl.vn/TW/Lists/vbpq/Attachments/76695/05.NQ.CP.doc
04.NQ.CP.doc,https://vbpl.vn/TW/Lists/vbpq/Attachments/76664/04.NQ.CP.doc
02.2015.NQ.HDTP.doc,https://vbpl.vn/TW/Lists/vbpq/Attachments/56966/02.2015.NQ.HDTP.doc
01.2015.NQ.HDTP.doc,https://vbpl.vn/TW/Lists/vbpq/Attachments/56963/01.2015.NQ.HDTP.doc
101.NQ.CP.doc,https://vbpl.vn/TW/Lists/vbpq/Attachments/86092/101.NQ.CP.doc
875.NQ.UBTVQH13.doc,https://vbpl.vn/TW/Lists/vbpq/Attachments/46783/875.NQ.UBTVQH13.doc
92.NQ.CP.doc,https://vbpl.vn/TW/Lists/vbpq/Attachments/76693/92.NQ.CP.doc
83.2014.QH13.doc,https://vbpl.vn/TW/Lists/vbpq/Attachments/47472/83.2014.QH13.doc
85.2014.QH13.doc,https://vbpl.vn/TW/Lists/vbpq/Attachments/47469/85.2014.QH13.doc
87.2014.QH13.doc,https://vbpl.vn/TW/Lists/vbpq/Attachments/47468/87.2014.QH13.doc
84.2014.QH13.doc,https://vbpl.vn/TW/Lists/vbpq/Attachments/47470/84.2014.QH13.doc
NQ-88-2014-QH13.docx,https://vbpl.vn/TW/Lists/vbpq/Attachments/144398/NQ-88-2014-QH13.docx
81.2014.QH13.doc,https://vbpl.vn/TW/Lists/vbpq/Attachments/44170/81.2014.QH13.doc
82.2014.QH13.doc,https://vbpl.vn/TW/Lists/vbpq/Attachments/100826/82.2014.QH13.doc
79.2014.QH13.doc,https://vbpl.vn/TW/Lists/vbpq/Attachments/44167/79.2014.QH13.doc
78.2014.QH13.doc,https://vbpl.vn/TW/Lists/vbpq/Attachments/44166/78.2014.QH13.doc
77.2014.QH13.doc,https://vbpl.vn/TW/Lists/vbpq/Attachments/47108/77.2014.QH13.doc
79.NQ.CP.doc,https://vbpl.vn/TW/Lists/vbpq/Attachments/76709/79.NQ.CP.doc
819.2014.NQ.UBTVQH13.doc,https://vbpl.vn/TW/Lists/vbpq/Attachments/70185/819.2014.NQ.UBTVQH13.doc
63.NQ.CP.doc,https://vbpl.vn/TW/Lists/vbpq/Attachments/76704/63.NQ.CP.doc
618.2013.UBTVQH13.doc,https://vbpl.vn/TW/Lists/vbpq/Attachments/67991/618.2013.UBTVQH13.doc
76.2014.QH13.doc,https://vbpl.vn/TW/Lists/vbpq/Attachments/71381/76.2014.QH13.doc
74.2014.QH13.doc,https://vbpl.vn/TW/Lists/vbpq/Attachments/74634/74.2014.QH13.doc
72.2014.QH13.doc,https://vbpl.vn/TW/Lists/vbpq/Attachments/68915/72.2014.QH13.doc
40.NQ.CP.doc,https://vbpl.vn/TW/Lists/vbpq/Attachments/76703/40.NQ.CP.doc
32.NQ.TW.doc,https://vbpl.vn/TW/Lists/vbpq/Attachments/31807/32.NQ.TW.doc
759.2014.UBTVQH13.doc,https://vbpl.vn/TW/Lists/vbpq/Attachments/79595/759.2014.UBTVQH13.doc
31.NQ.CP.doc,https://vbpl.vn/TW/Lists/vbpq/Attachments/85858/31.NQ.CP.doc
31.NQ.CP_Phuluc.doc,https://vbpl.vn/TW/Lists/vbpq/Attachments/85858/31.NQ.CP_Phuluc.doc
25.NQ.CP.doc,https://vbpl.vn/TW/Lists/vbpq/Attachments/87211/25.NQ.CP.doc
NQ 01.2014.docx,https://vbpl.vn/TW/Lists/vbpq/Attachments/126384/NQ 01.2014.docx
19.NQ.CP.doc,https://vbpl.vn/TW/Lists/vbpq/Attachments/72004/19.NQ.CP.doc
30.NQ.TW.doc,https://vbpl.vn/TW/Lists/vbpq/Attachments/52412/30.NQ.TW.doc
10.NQ. CP.doc,https://vbpl.vn/TW/Lists/vbpq/Attachments/87504/10.NQ. CP.doc
06.NQ.CP.2.doc,https://vbpl.vn/TW/Lists/vbpq/Attachments/87472/06.NQ.CP.2.doc
719.2014.NQ.UBTVQH13.doc,https://vbpl.vn/TW/Lists/vbpq/Attachments/70182/719.2014.NQ.UBTVQH13.doc
130.NQ.CP.doc,https://vbpl.vn/TW/Lists/vbpq/Attachments/62028/130.NQ.CP.doc
712.2013.UBTVQH13.doc,https://vbpl.vn/TW/Lists/vbpq/Attachments/70423/712.2013.UBTVQH13.doc
68_2013_QH13_219214.doc,https://vbpl.vn/TW/Lists/vbpq/Attachments/125165/68_2013_QH13_219214.doc
65.2013.QH13.doc,https://vbpl.vn/TW/Lists/vbpq/Attachments/72833/65.2013.QH13.doc
65.2013.QH13_Phuluc.doc,https://vbpl.vn/TW/Lists/vbpq/Attachments/72833/65.2013.QH13_Phuluc.doc
NQ 64.2013.QH13.doc,https://vbpl.vn/TW/Lists/vbpq/Attachments/32804/NQ 64.2013.QH13.doc
61.2013.QH13.doc,https://vbpl.vn/TW/Lists/vbpq/Attachments/36895/61.2013.QH13.doc
61.2013.QH13.Phu luc.doc,https://vbpl.vn/TW/Lists/vbpq/Attachments/36895/61.2013.QH13.Phu luc.doc
01.2013.NQ.HDTP.doc,https://vbpl.vn/TW/Lists/vbpq/Attachments/67992/01.2013.NQ.HDTP.doc
50.2013.QH13.doc,https://vbpl.vn/TW/Lists/vbpq/Attachments/70474/50.2013.QH13.doc
52.2013.QH13.doc,https://vbpl.vn/TW/Lists/vbpq/Attachments/70482/52.2013.QH13.doc
49.2013.QH13.doc,https://vbpl.vn/TW/Lists/vbpq/Attachments/32500/49.2013.QH13.doc
47.2013.QH13.doc,https://vbpl.vn/TW/Lists/vbpq/Attachments/70486/47.2013.QH13.doc
NQ 45.2013.QH13.doc,https://vbpl.vn/TW/Lists/vbpq/Attachments/31565/NQ 45.2013.QH13.doc
76.NQ.CP.doc,https://vbpl.vn/TW/Lists/vbpq/Attachments/67958/76.NQ.CP.doc
76.NQ.CP_Phuluc.doc,https://vbpl.vn/TW/Lists/vbpq/Attachments/67958/76.NQ.CP_Phuluc.doc
44.2013.QH13.doc,https://vbpl.vn/TW/Lists/vbpq/Attachments/30627/44.2013.QH13.doc
70.NQ.CP.doc,https://vbpl.vn/TW/Lists/vbpq/Attachments/86091/70.NQ.CP.doc
41.2013.QH13.doc,https://vbpl.vn/TW/Lists/vbpq/Attachments/71571/41.2013.QH13.doc
54.NQ.CP.doc,https://vbpl.vn/TW/Lists/vbpq/Attachments/76290/54.NQ.CP.doc
22.NQ.TW.doc,https://vbpl.vn/TW/Lists/vbpq/Attachments/76694/22.NQ.TW.doc
29.NQ.CP.doc,https://vbpl.vn/TW/Lists/vbpq/Attachments/42238/29.NQ.CP.doc
25.NQ.CP.doc,https://vbpl.vn/TW/Lists/vbpq/Attachments/87497/25.NQ.CP.doc
19.NQ.CP.doc,https://vbpl.vn/TW/Lists/vbpq/Attachments/87530/19.NQ.CP.doc
561.2013.UBTVQH13.doc,https://vbpl.vn/TW/Lists/vbpq/Attachments/30694/561.2013.UBTVQH13.doc
10.NQ.CP .doc,https://vbpl.vn/TW/Lists/vbpq/Attachments/87503/10.NQ.CP .doc
06.NQ.CP.doc,https://vbpl.vn/TW/Lists/vbpq/Attachments/87369/06.NQ.CP.doc
82.NQ.CP.doc,https://vbpl.vn/TW/Lists/vbpq/Attachments/63520/82.NQ.CP.doc
Phu luc.doc,https://vbpl.vn/TW/Lists/vbpq/Attachments/63520/Phu luc.doc
04.2012.NQ.HDTP.doc,https://vbpl.vn/TW/Lists/vbpq/Attachments/30606/04.2012.NQ.HDTP.doc
03.2012.NQ.HĐTP.doc,https://vbpl.vn/TW/Lists/vbpq/Attachments/36686/03.2012.NQ.HĐTP.doc
05.2012.NQ.HDTP.doc,https://vbpl.vn/TW/Lists/vbpq/Attachments/30607/05.2012.NQ.HDTP.doc
06.2012.NQ.HDTP.doc,https://vbpl.vn/TW/Lists/vbpq/Attachments/30610/06.2012.NQ.HDTP.doc
02.2012.NQ.HDTP.doc,https://vbpl.vn/TW/Lists/vbpq/Attachments/68058/02.2012.NQ.HDTP.doc
39.2012.QH13.doc,https://vbpl.vn/TW/Lists/vbpq/Attachments/71570/39.2012.QH13.doc
36.2012.QH13.doc,https://vbpl.vn/TW/Lists/vbpq/Attachments/28064/36.2012.QH13.doc
21.NQ.TW.doc,https://vbpl.vn/TW/Lists/vbpq/Attachments/31779/21.NQ.TW.doc
35.2012.QH13.doc,https://vbpl.vn/TW/Lists/vbpq/Attachments/28063/35.2012.QH13.doc
70.NQ.CP.doc,https://vbpl.vn/TW/Lists/vbpq/Attachments/86090/70.NQ.CP.doc
70.NQ.CP_Phuluc.doc,https://vbpl.vn/TW/Lists/vbpq/Attachments/86090/70.NQ.CP_Phuluc.doc
539.NQ.UBTVQH13.doc,https://vbpl.vn/TW/Lists/vbpq/Attachments/60080/539.NQ.UBTVQH13.doc
524.2012.UBTVQH13.doc,https://vbpl.vn/TW/Lists/vbpq/Attachments/70729/524.2012.UBTVQH13.doc
522b_NQ_UBTVQH13.doc,https://vbpl.vn/TW/Lists/vbpq/Attachments/130530/522b_NQ_UBTVQH13.doc
28.2012.QH13.doc,https://vbpl.vn/TW/Lists/vbpq/Attachments/71527/28.2012.QH13.doc
30.2012.QH13.doc,https://vbpl.vn/TW/Lists/vbpq/Attachments/71551/30.2012.QH13.doc
25.2012.QH13.doc,https://vbpl.vn/TW/Lists/vbpq/Attachments/70838/25.2012.QH13.doc
26.2012.QH13.doc,https://vbpl.vn/TW/Lists/vbpq/Attachments/71172/26.2012.QH13.doc
29.2012.QH13.doc,https://vbpl.vn/TW/Lists/vbpq/Attachments/27655/29.2012.QH13.doc
27.2012.QH13.doc,https://vbpl.vn/TW/Lists/vbpq/Attachments/71304/27.2012.QH13.doc
24.2012.QH13.doc,https://vbpl.vn/TW/Lists/vbpq/Attachments/27622/24.2012.QH13.doc
01.2012.NQ.HĐTP.doc,https://vbpl.vn/TW/Lists/vbpq/Attachments/56965/01.2012.NQ.HĐTP.doc
15.NQ.TW.doc,https://vbpl.vn/TW/Lists/vbpq/Attachments/86046/15.NQ.TW.doc
10.NQ.CP.doc,https://vbpl.vn/TW/Lists/vbpq/Attachments/30515/10.NQ.CP.doc
06.NQ.CP.doc,https://vbpl.vn/TW/Lists/vbpq/Attachments/30516/06.NQ.CP.doc
Phu luc.doc,https://vbpl.vn/TW/Lists/vbpq/Attachments/30516/Phu luc.doc
11.2012.NQ.TW.doc,https://vbpl.vn/TW/Lists/vbpq/Attachments/85847/11.2012.NQ.TW.doc
01.NQ.CP.doc,https://vbpl.vn/TW/Lists/vbpq/Attachments/51322/01.NQ.CP.doc
103.NQ-CP.doc,https://vbpl.vn/TW/Lists/vbpq/Attachments/45633/103.NQ-CP.doc
103.NQ-CP_Phuluc.doc,https://vbpl.vn/TW/Lists/vbpq/Attachments/45633/103.NQ-CP_Phuluc.doc
09.NQ.TW.doc,https://vbpl.vn/TW/Lists/vbpq/Attachments/59192/09.NQ.TW.doc
08.NQ.TW.doc,https://vbpl.vn/TW/Lists/vbpq/Attachments/79891/08.NQ.TW.doc
101.NQ.CP1.doc,https://vbpl.vn/TW/Lists/vbpq/Attachments/85637/101.NQ.CP1.doc
30c.NQ.CP.doc,https://vbpl.vn/TW/Lists/vbpq/Attachments/67957/30c.NQ.CP.doc
30c.NQ.CP_Phuluc.doc,https://vbpl.vn/TW/Lists/vbpq/Attachments/67957/30c.NQ.CP_Phuluc.doc
88.NQ.CP.doc,https://vbpl.vn/TW/Lists/vbpq/Attachments/66088/88.NQ.CP.doc
07.2011.QH13.doc,https://vbpl.vn/TW/Lists/vbpq/Attachments/32969/07.2011.QH13.doc
60.2011.QH12.doc,https://vbpl.vn/TW/Lists/vbpq/Attachments/26675/60.2011.QH12.doc
25.NQ.CP1 Phu luc.doc,https://vbpl.vn/TW/Lists/vbpq/Attachments/79991/25.NQ.CP1 Phu luc.doc
25.NQ.CP1.doc,https://vbpl.vn/TW/Lists/vbpq/Attachments/79991/25.NQ.CP1.doc
10.NQ.CP.1.doc,https://vbpl.vn/TW/Lists/vbpq/Attachments/87485/10.NQ.CP.1.doc
06.NQ.CP.11.doc,https://vbpl.vn/TW/Lists/vbpq/Attachments/87474/06.NQ.CP.11.doc
1018.NQ.UBTVQH12.doc,https://vbpl.vn/TW/Lists/vbpq/Attachments/81340/1018.NQ.UBTVQH12.doc
70.NQ.CP.doc,https://vbpl.vn/TW/Lists/vbpq/Attachments/86067/70.NQ.CP.doc
70.NQ.CP_Phuluc.doc,https://vbpl.vn/TW/Lists/vbpq/Attachments/86067/70.NQ.CP_Phuluc.doc
68.NQ.CP.doc,https://vbpl.vn/TW/Lists/vbpq/Attachments/39578/68.NQ.CP.doc
67.NQ-CP.doc,https://vbpl.vn/TW/Lists/vbpq/Attachments/46055/67.NQ-CP.doc
67.NQ-CP_Phuluc.doc,https://vbpl.vn/TW/Lists/vbpq/Attachments/46055/67.NQ-CP_Phuluc.doc
57.NQ.CP.doc,https://vbpl.vn/TW/Lists/vbpq/Attachments/79926/57.NQ.CP.doc
Phu luc.doc,https://vbpl.vn/TW/Lists/vbpq/Attachments/79926/Phu luc.doc
52.NQ.CP.doc,https://vbpl.vn/TW/Lists/vbpq/Attachments/35652/52.NQ.CP.doc
Phu luc.doc,https://vbpl.vn/TW/Lists/vbpq/Attachments/35652/Phu luc.doc
48.NQ.CP Phu luc.doc,https://vbpl.vn/TW/Lists/vbpq/Attachments/41559/48.NQ.CP Phu luc.doc
48.NQ.CP.doc,https://vbpl.vn/TW/Lists/vbpq/Attachments/41559/48.NQ.CP.doc
58.2010.QH12.doc,https://vbpl.vn/TW/Lists/vbpq/Attachments/26061/58.2010.QH12.doc
52.2010.QH12.doc,https://vbpl.vn/TW/Lists/vbpq/Attachments/26187/52.2010.QH12.doc
Phu luc.doc,https://vbpl.vn/TW/Lists/vbpq/Attachments/26187/Phu luc.doc
25.NQ.CP.doc,https://vbpl.vn/TW/Lists/vbpq/Attachments/87574/25.NQ.CP.doc
Phu luc.doc,https://vbpl.vn/TW/Lists/vbpq/Attachments/87574/Phu luc.doc
928.2010.NQ.UBTVQH.doc,https://vbpl.vn/TW/Lists/vbpq/Attachments/25296/928.2010.NQ.UBTVQH.doc
927.NQ.UBTVQH12.doc,https://vbpl.vn/TW/Lists/vbpq/Attachments/25295/927.NQ.UBTVQH12.doc
19.NQ.CP.doc,https://vbpl.vn/TW/Lists/vbpq/Attachments/79838/19.NQ.CP.doc
18.NQ.CP.doc,https://vbpl.vn/TW/Lists/vbpq/Attachments/45927/18.NQ.CP.doc
10.NQ.CP.doc,https://vbpl.vn/TW/Lists/vbpq/Attachments/87381/10.NQ.CP.doc
Phu luc.doc,https://vbpl.vn/TW/Lists/vbpq/Attachments/87381/Phu luc.doc
06.NQ.CP.10.doc,https://vbpl.vn/TW/Lists/vbpq/Attachments/87473/06.NQ.CP.10.doc
03.NQ.CP.doc,https://vbpl.vn/TW/Lists/vbpq/Attachments/52236/03.NQ.CP.doc
03.NQ.CP.Phu luc.doc,https://vbpl.vn/TW/Lists/vbpq/Attachments/52236/03.NQ.CP.Phu luc.doc
42.2009.QH12.doc,https://vbpl.vn/TW/Lists/vbpq/Attachments/23773/42.2009.QH12.doc
43.2009.QH12.doc,https://vbpl.vn/TW/Lists/vbpq/Attachments/23768/43.2009.QH12.doc
40.2009.QH12.doc,https://vbpl.vn/TW/Lists/vbpq/Attachments/23770/40.2009.QH12.doc
41.2009.QH12.doc,https://vbpl.vn/TW/Lists/vbpq/Attachments/23769/41.2009.QH12.doc
38.2009.ND.CP.doc,https://vbpl.vn/TW/Lists/vbpq/Attachments/23781/38.2009.ND.CP.doc
Phuluc.doc,https://vbpl.vn/TW/Lists/vbpq/Attachments/23781/Phuluc.doc
39.2009.QH12.doc,https://vbpl.vn/TW/Lists/vbpq/Attachments/23810/39.2009.QH12.doc
54.NQ.CP.doc,https://vbpl.vn/TW/Lists/vbpq/Attachments/24952/54.NQ.CP.doc
37.2009.QH12.doc,https://vbpl.vn/TW/Lists/vbpq/Attachments/23782/37.2009.QH12.doc
phuluc.doc,https://vbpl.vn/TW/Lists/vbpq/Attachments/23782/phuluc.doc
823.2009.UBTVQH12.doc,https://vbpl.vn/TW/Lists/vbpq/Attachments/23725/823.2009.UBTVQH12.doc
Phucap.doc,https://vbpl.vn/TW/Lists/vbpq/Attachments/23725/Phucap.doc
48.NQ.CP.doc,https://vbpl.vn/TW/Lists/vbpq/Attachments/85611/48.NQ.CP.doc
1127.QĐ.TCHQ.doc,https://vbpl.vn/TW/Lists/vbpq/Attachments/47666/1127.QĐ.TCHQ.doc
773.2009.NQ.UBTVQH12.doc,https://vbpl.vn/TW/Lists/vbpq/Attachments/35846/773.2009.NQ.UBTVQH12.doc
725.2009.UBTVQH12.doc,https://vbpl.vn/TW/Lists/vbpq/Attachments/25325/725.2009.UBTVQH12.doc
31.2008.NQ.CP.doc,https://vbpl.vn/TW/Lists/vbpq/Attachments/12443/31.2008.NQ.CP.doc
32.2008.NQ.CP.doc,https://vbpl.vn/TW/Lists/vbpq/Attachments/12556/32.2008.NQ.CP.doc
33.2008.NQ.CP.doc,https://vbpl.vn/TW/Lists/vbpq/Attachments/12461/33.2008.NQ.CP.doc
30a.2008.NQ.CP.doc,https://vbpl.vn/TW/Lists/vbpq/Attachments/12462/30a.2008.NQ.CP.doc
30.2008.NQ.CP.doc,https://vbpl.vn/TW/Lists/vbpq/Attachments/24223/30.2008.NQ.CP.doc
29.2008.NQ.CP.doc,https://vbpl.vn/TW/Lists/vbpq/Attachments/25724/29.2008.NQ.CP.doc
27.2008.QH12.doc,https://vbpl.vn/TW/Lists/vbpq/Attachments/25398/27.2008.QH12.doc
26.2008.QH12.doc,https://vbpl.vn/TW/Lists/vbpq/Attachments/25323/26.2008.QH12.doc
25.2008.QH12.doc,https://vbpl.vn/TW/Lists/vbpq/Attachments/60298/25.2008.QH12.doc
24.2008.QH12.doc,https://vbpl.vn/TW/Lists/vbpq/Attachments/12319/24.2008.QH12.doc
21.2008.QH12.doc,https://vbpl.vn/TW/Lists/vbpq/Attachments/25504/21.2008.QH12.doc
Phu luc.doc,https://vbpl.vn/TW/Lists/vbpq/Attachments/25504/Phu luc.doc
23.2008.QH12.doc,https://vbpl.vn/TW/Lists/vbpq/Attachments/12719/23.2008.QH12.doc
25.2008.NQ.CP.doc,https://vbpl.vn/TW/Lists/vbpq/Attachments/25428/25.2008.NQ.CP.doc
694.2008.NQ.UBTVQH12.doc,https://vbpl.vn/TW/Lists/vbpq/Attachments/149173/694.2008.NQ.UBTVQH12.doc
23.2008.NQ.CP.doc,https://vbpl.vn/TW/Lists/vbpq/Attachments/25427/23.2008.NQ.CP.doc
21.2008.NQ.CP.doc,https://vbpl.vn/TW/Lists/vbpq/Attachments/12669/21.2008.NQ.CP.doc
20.2008.NQ.CP.doc,https://vbpl.vn/TW/Lists/vbpq/Attachments/25429/20.2008.NQ.CP.doc
17.2008.NQ.CP.doc,https://vbpl.vn/TW/Lists/vbpq/Attachments/12670/17.2008.NQ.CP.doc
16.2008.NQ.CP.doc,https://vbpl.vn/TW/Lists/vbpq/Attachments/25493/16.2008.NQ.CP.doc
25.NQ.TW.doc,https://vbpl.vn/TW/Lists/vbpq/Attachments/24539/25.NQ.TW.doc
20.2008.QH12.doc,https://vbpl.vn/TW/Lists/vbpq/Attachments/12671/20.2008.QH12.doc
18.2008.QH12.doc,https://vbpl.vn/TW/Lists/vbpq/Attachments/25507/18.2008.QH12.doc
19.2008.QH12.doc,https://vbpl.vn/TW/Lists/vbpq/Attachments/25499/19.2008.QH12.doc
15.2008.QH12.doc,https://vbpl.vn/TW/Lists/vbpq/Attachments/31251/15.2008.QH12.doc
10.2008.NQ.CP.doc,https://vbpl.vn/TW/Lists/vbpq/Attachments/24529/10.2008.NQ.CP.doc
08.2008.NQ.CP.doc,https://vbpl.vn/TW/Lists/vbpq/Attachments/24350/08.2008.NQ.CP.doc
575.UBTVQH12.doc,https://vbpl.vn/TW/Lists/vbpq/Attachments/149177/575.UBTVQH12.doc
21.NQ.TW.doc,https://vbpl.vn/TW/Lists/vbpq/Attachments/41995/21.NQ.TW.doc
22.NQ.TW.doc,https://vbpl.vn/TW/Lists/vbpq/Attachments/87543/22.NQ.TW.doc
03.2008.NQ-CP.doc,https://vbpl.vn/TW/Lists/vbpq/Attachments/24295/03.2008.NQ-CP.doc
CHUONGTRINH .03.2008.NQ-CP.doc,https://vbpl.vn/TW/Lists/vbpq/Attachments/24295/CHUONGTRINH .03.2008.NQ-CP.doc
PHULUC 03.2008.NQ-CP.doc,https://vbpl.vn/TW/Lists/vbpq/Attachments/24295/PHULUC 03.2008.NQ-CP.doc
02.2008.NQ.CP.doc,https://vbpl.vn/TW/Lists/vbpq/Attachments/24527/02.2008.NQ.CP.doc
545.2007.NQ.UBTVQH12.doc,https://vbpl.vn/TW/Lists/vbpq/Attachments/51422/545.2007.NQ.UBTVQH12.doc
61.2007.NQ.CP.doc,https://vbpl.vn/TW/Lists/vbpq/Attachments/13037/61.2007.NQ.CP.doc
54.2007.NQ.CP.doc,https://vbpl.vn/TW/Lists/vbpq/Attachments/13156/54.2007.NQ.CP.doc
53.2007.NQ.CP.doc,https://vbpl.vn/TW/Lists/vbpq/Attachments/13157/53.2007.NQ.CP.doc
52.2007.NQ.CP.doc,https://vbpl.vn/TW/Lists/vbpq/Attachments/13160/52.2007.NQ.CP.doc
02.2007.NQ.HDTP.doc,https://vbpl.vn/TW/Lists/vbpq/Attachments/25895/02.2007.NQ.HDTP.doc
Mau.02.2007.NQ.HDTP.doc,https://vbpl.vn/TW/Lists/vbpq/Attachments/25895/Mau.02.2007.NQ.HDTP.doc
01.2007.NQ.HDTP.doc,https://vbpl.vn/TW/Lists/vbpq/Attachments/25896/01.2007.NQ.HDTP.doc
295.2007.NQ.UBTVQH12.doc,https://vbpl.vn/TW/Lists/vbpq/Attachments/24824/295.2007.NQ.UBTVQH12.doc
Bieuthue.295.2007.NQ.UBTVQH12.doc,https://vbpl.vn/TW/Lists/vbpq/Attachments/24824/Bieuthue.295.2007.NQ.UBTVQH12.doc
294A.2007.UBTVQH12.doc,https://vbpl.vn/TW/Lists/vbpq/Attachments/24461/294A.2007.UBTVQH12.doc
17.NQ.TW.doc,https://vbpl.vn/TW/Lists/vbpq/Attachments/62032/17.NQ.TW.doc
04.2007.QH12.doc,https://vbpl.vn/TW/Lists/vbpq/Attachments/25400/04.2007.QH12.doc
1157.NQ.UBTVQH11.doc,https://vbpl.vn/TW/Lists/vbpq/Attachments/58568/1157.NQ.UBTVQH11.doc
1126.2007.NQ.UBTVQH11.doc,https://vbpl.vn/TW/Lists/vbpq/Attachments/14044/1126.2007.NQ.UBTVQH11.doc
31.2007.NQ.CP.doc,https://vbpl.vn/TW/Lists/vbpq/Attachments/14046/31.2007.NQ.CP.doc
30.2007.NQ.CP.doc,https://vbpl.vn/TW/Lists/vbpq/Attachments/14045/30.2007.NQ.CP.doc
29.2007.NQ.CP.doc,https://vbpl.vn/TW/Lists/vbpq/Attachments/13927/29.2007.NQ.CP.doc
28.2007.NQ.CP.doc,https://vbpl.vn/TW/Lists/vbpq/Attachments/14100/28.2007.NQ.CP.doc
26.2007.NQ.CP.doc,https://vbpl.vn/TW/Lists/vbpq/Attachments/13720/26.2007.NQ.CP.doc
25.2007.NQ.CP.doc,https://vbpl.vn/TW/Lists/vbpq/Attachments/13808/25.2007.NQ.CP.doc
11.NQ.TW.doc,https://vbpl.vn/TW/Lists/vbpq/Attachments/85848/11.NQ.TW.doc
24.2007.NQ.CP.doc,https://vbpl.vn/TW/Lists/vbpq/Attachments/13727/24.2007.NQ.CP.doc
1113.2007.NQ.UBTVQH11.doc,https://vbpl.vn/TW/Lists/vbpq/Attachments/14406/1113.2007.NQ.UBTVQH11.doc
21.2007.NQ.CP.doc,https://vbpl.vn/TW/Lists/vbpq/Attachments/13708/21.2007.NQ.CP.doc
23.2007.NQ.CP.doc,https://vbpl.vn/TW/Lists/vbpq/Attachments/13728/23.2007.NQ.CP.doc
22.2007.NQ.CP.doc,https://vbpl.vn/TW/Lists/vbpq/Attachments/13729/22.2007.NQ.CP.doc
20.2007.NQ.CP.doc,https://vbpl.vn/TW/Lists/vbpq/Attachments/14480/20.2007.NQ.CP.doc
78.2007.NQ.QH11.doc,https://vbpl.vn/TW/Lists/vbpq/Attachments/14442/78.2007.NQ.QH11.doc
77.2007.NQ.QH11.doc,https://vbpl.vn/TW/Lists/vbpq/Attachments/14443/77.2007.NQ.QH11.doc
76.2007.NQ.QH11.doc,https://vbpl.vn/TW/Lists/vbpq/Attachments/14415/76.2007.NQ.QH11.doc
18.2007.NQ.CP.doc,https://vbpl.vn/TW/Lists/vbpq/Attachments/14028/18.2007.NQ.CP.doc
17.2007.NQ.CP.doc,https://vbpl.vn/TW/Lists/vbpq/Attachments/14358/17.2007.NQ.CP.doc
19.2007.NQ.CP.doc,https://vbpl.vn/TW/Lists/vbpq/Attachments/14027/19.2007.NQ.CP.doc
13.2007.NQ.CP.doc,https://vbpl.vn/TW/Lists/vbpq/Attachments/14226/13.2007.NQ.CP.doc
14.2007.NQ.CP.doc,https://vbpl.vn/TW/Lists/vbpq/Attachments/14225/14.2007.NQ.CP.doc
15.2007.NQ.CP.doc,https://vbpl.vn/TW/Lists/vbpq/Attachments/14232/15.2007.NQ.CP.doc
16.2007.NQ.CP.doc,https://vbpl.vn/TW/Lists/vbpq/Attachments/14350/16.2007.NQ.CP.doc
10.2007.NQ.CP.doc,https://vbpl.vn/TW/Lists/vbpq/Attachments/14564/10.2007.NQ.CP.doc
11.2007.NQ.CP.doc,https://vbpl.vn/TW/Lists/vbpq/Attachments/14635/11.2007.NQ.CP.doc
12.2007.NQ.CP.doc,https://vbpl.vn/TW/Lists/vbpq/Attachments/14227/12.2007.NQ.CP.doc
09.2007.NQ.CP.doc,https://vbpl.vn/TW/Lists/vbpq/Attachments/14228/09.2007.NQ.CP.doc
08.2007.NQ.CP.doc,https://vbpl.vn/TW/Lists/vbpq/Attachments/14666/08.2007.NQ.CP.doc
07.2007.NQ.CP.doc,https://vbpl.vn/TW/Lists/vbpq/Attachments/14681/07.2007.NQ.CP.doc
08.NQ.TW.doc,https://vbpl.vn/TW/Lists/vbpq/Attachments/87374/08.NQ.TW.doc
06.2007.NQ.CP.doc,https://vbpl.vn/TW/Lists/vbpq/Attachments/14693/06.2007.NQ.CP.doc
05.2007.NQ.CP.doc,https://vbpl.vn/TW/Lists/vbpq/Attachments/14748/05.2007.NQ.CP.doc
04.2007.NQ.CP.doc,https://vbpl.vn/TW/Lists/vbpq/Attachments/14740/04.2007.NQ.CP.doc
03.2007.NQ.CP.doc,https://vbpl.vn/TW/Lists/vbpq/Attachments/14704/03.2007.NQ.CP.doc
02.2007.NQ.CP.doc,https://vbpl.vn/TW/Lists/vbpq/Attachments/14750/02.2007.NQ.CP.doc
01.2007.NQ.CP.doc,https://vbpl.vn/TW/Lists/vbpq/Attachments/14763/01.2007.NQ.CP.doc
36.2006.NQ.CP.doc,https://vbpl.vn/TW/Lists/vbpq/Attachments/14772/36.2006.NQ.CP.doc
35.2006.NQ.CP.doc,https://vbpl.vn/TW/Lists/vbpq/Attachments/14900/35.2006.NQ.CP.doc
34.2006.NQ.CP.doc,https://vbpl.vn/TW/Lists/vbpq/Attachments/14950/34.2006.NQ.CP.doc
33.2006.NQ.CP.doc,https://vbpl.vn/TW/Lists/vbpq/Attachments/14948/33.2006.NQ.CP.doc
75.2006.QH11.doc,https://vbpl.vn/TW/Lists/vbpq/Attachments/14842/75.2006.QH11.doc
74.2006.QH11.doc,https://vbpl.vn/TW/Lists/vbpq/Attachments/14843/74.2006.QH11.doc
72.2006.NQ.QH11.doc,https://vbpl.vn/TW/Lists/vbpq/Attachments/14850/72.2006.NQ.QH11.doc
71.2006.NQ.QH11.doc,https://vbpl.vn/TW/Lists/vbpq/Attachments/14849/71.2006.NQ.QH11.doc
73.2006.QH11.doc,https://vbpl.vn/TW/Lists/vbpq/Attachments/14844/73.2006.QH11.doc
32.2006.NQ.CP.doc,https://vbpl.vn/TW/Lists/vbpq/Attachments/14953/32.2006.NQ.CP.doc
31.2006.NQ.CP.doc,https://vbpl.vn/TW/Lists/vbpq/Attachments/14956/31.2006.NQ.CP.doc
30.2006.NQ.CP.doc,https://vbpl.vn/TW/Lists/vbpq/Attachments/14968/30.2006.NQ.CP.doc
1053.2006.NQ.UBTVQH11.doc,https://vbpl.vn/TW/Lists/vbpq/Attachments/14758/1053.2006.NQ.UBTVQH11.doc
29.2006.NQ.CP.doc,https://vbpl.vn/TW/Lists/vbpq/Attachments/14988/29.2006.NQ.CP.doc
28.2006.NQ.CP.doc,https://vbpl.vn/TW/Lists/vbpq/Attachments/14893/28.2006.NQ.CP.doc
69.2006.NQ.QH11.doc,https://vbpl.vn/TW/Lists/vbpq/Attachments/14597/69.2006.NQ.QH11.doc
26.2006.NQ.CP.doc,https://vbpl.vn/TW/Lists/vbpq/Attachments/15032/26.2006.NQ.CP.doc
27.2006.NQ.CP.doc,https://vbpl.vn/TW/Lists/vbpq/Attachments/15053/27.2006.NQ.CP.doc
68.2006.NQ.QH11.doc,https://vbpl.vn/TW/Lists/vbpq/Attachments/14596/68.2006.NQ.QH11.doc
68.2006.NQ.QH11.doc,https://vbpl.vn/TW/Lists/vbpq/Attachments/72408/68.2006.NQ.QH11.doc
68.2006.NQ.QH11_Phuluc.doc,https://vbpl.vn/TW/Lists/vbpq/Attachments/72408/68.2006.NQ.QH11_Phuluc.doc
25.2006.NQ-CP.docx,https://vbpl.vn/TW/Lists/vbpq/Attachments/15185/25.2006.NQ-CP.docx
24.2006.NQ.CP.doc,https://vbpl.vn/TW/Lists/vbpq/Attachments/15194/24.2006.NQ.CP.doc
23.2006.NQ.CP.doc,https://vbpl.vn/TW/Lists/vbpq/Attachments/15337/23.2006.NQ.CP.doc
22.2006.NQ.CP.doc,https://vbpl.vn/TW/Lists/vbpq/Attachments/15349/22.2006.NQ.CP.doc
21.2006.NQ.CP.doc,https://vbpl.vn/TW/Lists/vbpq/Attachments/15340/21.2006.NQ.CP.doc
20.2006.NQ.CP.doc,https://vbpl.vn/TW/Lists/vbpq/Attachments/15341/20.2006.NQ.CP.doc
18.2006.NQ.CP.doc,https://vbpl.vn/TW/Lists/vbpq/Attachments/15440/18.2006.NQ.CP.doc
17.2006.NQ.CP.doc,https://vbpl.vn/TW/Lists/vbpq/Attachments/15441/17.2006.NQ.CP.doc
16.2006.NQ.CP.doc,https://vbpl.vn/TW/Lists/vbpq/Attachments/15442/16.2006.NQ.CP.doc
19.2006.NQ.CP.doc,https://vbpl.vn/TW/Lists/vbpq/Attachments/15444/19.2006.NQ.CP.doc
1039.2006.NQ.UBTVQH11.doc,https://vbpl.vn/TW/Lists/vbpq/Attachments/15360/1039.2006.NQ.UBTVQH11.doc
04.NQ.TW.doc,https://vbpl.vn/TW/Lists/vbpq/Attachments/25140/04.NQ.TW.doc
15.2006.NQ.CP.doc,https://vbpl.vn/TW/Lists/vbpq/Attachments/15527/15.2006.NQ.CP.doc
14.2006.NQ.CP.doc,https://vbpl.vn/TW/Lists/vbpq/Attachments/15502/14.2006.NQ.CP.doc
04.2006.NQ.HDTP.doc,https://vbpl.vn/TW/Lists/vbpq/Attachments/15542/04.2006.NQ.HDTP.doc
05.2006.NQ.HDTP.doc,https://vbpl.vn/TW/Lists/vbpq/Attachments/15535/05.2006.NQ.HDTP.doc
1037.2006.NQ.UBTVQH11.doc,https://vbpl.vn/TW/Lists/vbpq/Attachments/15517/1037.2006.NQ.UBTVQH11.doc
1036.2006.NQ.UBTVQH11.doc,https://vbpl.vn/TW/Lists/vbpq/Attachments/15659/1036.2006.NQ.UBTVQH11.doc
03.2006.NQ.HDTP.doc,https://vbpl.vn/TW/Lists/vbpq/Attachments/15588/03.2006.NQ.HDTP.doc
13.2006.NQ.CP.doc,https://vbpl.vn/TW/Lists/vbpq/Attachments/15875/13.2006.NQ.CP.doc
57.2006.QH11.doc,https://vbpl.vn/TW/Lists/vbpq/Attachments/15594/57.2006.QH11.doc
56.2006.NQ.QH11.doc,https://vbpl.vn/TW/Lists/vbpq/Attachments/15595/56.2006.NQ.QH11.doc
56.2006.NQ.QH11.doc,https://vbpl.vn/TW/Lists/vbpq/Attachments/24559/56.2006.NQ.QH11.doc
65.2006.QH11.doc,https://vbpl.vn/TW/Lists/vbpq/Attachments/15074/65.2006.QH11.doc
66.2006.NQ.QH11.doc,https://vbpl.vn/TW/Lists/vbpq/Attachments/15828/66.2006.NQ.QH11.doc
12.2006.NQ.CP.doc,https://vbpl.vn/TW/Lists/vbpq/Attachments/16054/12.2006.NQ.CP.doc
11.2006.NQ.CP.doc,https://vbpl.vn/TW/Lists/vbpq/Attachments/16040/11.2006.NQ.CP.doc
10.2006.NQ.CP.doc,https://vbpl.vn/TW/Lists/vbpq/Attachments/16062/10.2006.NQ.CP.doc
08.2006.NQ.CP.doc,https://vbpl.vn/TW/Lists/vbpq/Attachments/16064/08.2006.NQ.CP.doc
09.2006.NQ.CP.doc,https://vbpl.vn/TW/Lists/vbpq/Attachments/16063/09.2006.NQ.CP.doc
07.2006.NQ.CP.doc,https://vbpl.vn/TW/Lists/vbpq/Attachments/15478/07.2006.NQ.CP.doc
02.2006.NQ.HDTP.doc,https://vbpl.vn/TW/Lists/vbpq/Attachments/15930/02.2006.NQ.HDTP.doc
01.2006.NQ.HDTP.doc,https://vbpl.vn/TW/Lists/vbpq/Attachments/16162/01.2006.NQ.HDTP.doc
06.2006.NQ.CP.doc,https://vbpl.vn/TW/Lists/vbpq/Attachments/16199/06.2006.NQ.CP.doc
1014.2006.NQ.UBTVQH11.doc,https://vbpl.vn/TW/Lists/vbpq/Attachments/16212/1014.2006.NQ.UBTVQH11.doc
04.2006.NQ.CP.doc,https://vbpl.vn/TW/Lists/vbpq/Attachments/16347/04.2006.NQ.CP.doc
1002.2006.NQ.UBTVQH11.doc,https://vbpl.vn/TW/Lists/vbpq/Attachments/16531/1002.2006.NQ.UBTVQH11.doc
03.2006.NQ.CP.doc,https://vbpl.vn/TW/Lists/vbpq/Attachments/16525/03.2006.NQ.CP.doc
02.2006.NQ.CP.doc,https://vbpl.vn/TW/Lists/vbpq/Attachments/16791/02.2006.NQ.CP.doc
01.2006.NQ.CP.doc,https://vbpl.vn/TW/Lists/vbpq/Attachments/16822/01.2006.NQ.CP.doc
